,author_id,id,created_at,lang,text
0,1127829883013361665,1540329045715468289,2022-06-24T13:40:37.000Z,en,"RT @rohanpaul_ai: KNN - K Nearest Neighbours

#Python #pythonlearning #DataAnalytics #databases #MachineLearning #DataScience #Deeplearning‚Ä¶"
1,804073305980489737,1540329023527591939,2022-06-24T13:40:31.000Z,en,"RT @rohanpaul_ai: KNN - K Nearest Neighbours

#Python #pythonlearning #DataAnalytics #databases #MachineLearning #DataScience #Deeplearning‚Ä¶"
2,1327015921538510850,1540329001184632840,2022-06-24T13:40:26.000Z,en,"RT @PinakiLaskar: Procrastination
#AI #IoT #IIoT #CX #MachineLearning #SelfDrivingCars #fashiontech #SmartCity #AutonomousVehicles #DataSci‚Ä¶"
3,1260015280048222208,1540328986471006208,2022-06-24T13:40:22.000Z,en,"RT @PinakiLaskar: Procrastination
#AI #IoT #IIoT #CX #MachineLearning #SelfDrivingCars #fashiontech #SmartCity #AutonomousVehicles #DataSci‚Ä¶"
4,942496609434292226,1540328980665991168,2022-06-24T13:40:21.000Z,en,"RT @PDH_Metaverse: Credit @Paula_Piccard

How Artificial Intelligence is revolutionising healthcare

Watch: https://t.co/7obwJKs1Er

#Machi‚Ä¶"
5,983177740965773312,1540328979533643778,2022-06-24T13:40:21.000Z,en,"RT @JobPreference: #Hiring?
Sign up now https://t.co/o7lVlsl75X
FREE. NO MIDDLEMEN.
#Robotics #AIEthics #MachineLearning #AI #Python #DataS‚Ä¶"
6,1403861754808049666,1540328978053038081,2022-06-24T13:40:20.000Z,en,"RT @Khulood_Almani: ‚ö°Ô∏èWhat are the7‚É£Patterns of #AI‚ùì

v/@Forbes
#ArtificialIntelligence #DataScience #Bigdata #Business #Analytics #Python‚Ä¶"
7,1127829883013361665,1540328961774952449,2022-06-24T13:40:17.000Z,en,"RT @JobPreference: #Hiring?
Sign up now https://t.co/o7lVlsl75X
FREE. NO MIDDLEMEN.
#Robotics #AIEthics #MachineLearning #AI #Python #DataS‚Ä¶"
8,1437728609909706753,1540328957010386949,2022-06-24T13:40:15.000Z,en,"RT @glitchbotio: ""Stop acting so small. You are the universe in ecstatic motion.""- Rumi #softwareengineer #javascript #python #C++ #golang‚Ä¶"
9,942496609434292226,1540328944930639872,2022-06-24T13:40:13.000Z,en,"RT @IainLJBrown: Artificial Intelligence - Analytics Insight

Read more here: https://t.co/ScqfLROkrZ

#ArtificialIntelligence #AI #DataSci‚Ä¶"
10,1520721810576314369,1540328938941153282,2022-06-24T13:40:11.000Z,en,"RT @Free_AI_Books: Free Book is  Available.
https://t.co/z0BRI70iIN
#BigData #Analytics #DataScience #AI #MachineLearning #IoT #IIoT #Pytho‚Ä¶"
11,1243665419501744133,1540328929176813569,2022-06-24T13:40:09.000Z,en,"""Stop acting so small. You are the universe in ecstatic motion.""- Rumi #softwareengineer #javascript #python #C++ #golang #nodejs #reactjs #stockopertor #highgrowthstocks $SPX $QQQ $RUT $VIX #canslim #100DaysOfCode"
12,1332714745871421443,1540328891356676098,2022-06-24T13:40:00.000Z,en,"#Hiring?
Sign up now https://t.co/o7lVlsl75X
FREE. NO MIDDLEMEN.
#Robotics #AIEthics #MachineLearning #AI #Python #DataScience #BigData #100DaysOfCode #Robots #fintech #insurtech #cybersecurity #blockchain #Bitcoin #coding #Cryptos #NFTGame #Job #Metaverse #ETH #Python #HR #DeFi https://t.co/eImwt3W8e8"
13,1451269425773039627,1540328863229743105,2022-06-24T13:39:53.000Z,en,"RT @CurieuxExplorer: Frontend Development Roadmap

üé® codecrookshanks
#Python #Nodejs #MachineLearning #100daysofmlcode #HTML5 #RStats #Serv‚Ä¶"
14,1280935835789975553,1540328844581896195,2022-06-24T13:39:49.000Z,en,"RT @CommercialeSeme: Why Self-Driving Cars Shouldn't Be Allowed?

#artificialintelligence #k√ºnstlicheIntelligenz #cars 
¬†#100DaysOfCode #Cy‚Ä¶"
15,3368849687,1540328830585503745,2022-06-24T13:39:45.000Z,en,"RT @Khulood_Almani: As #5G Rolls Out‚û°Ô∏èWe Need To Be Vigilant About #Security

via @Forbes 

https://t.co/RSvxTvAmkS

#cybersecurity #future‚Ä¶"
16,961352067091660800,1540328819256590337,2022-06-24T13:39:43.000Z,en,"RT @PinakiLaskar: Procrastination
#AI #IoT #IIoT #CX #MachineLearning #SelfDrivingCars #fashiontech #SmartCity #AutonomousVehicles #DataSci‚Ä¶"
17,1102453728018423808,1540328784078852099,2022-06-24T13:39:34.000Z,en,"RT @_qu4nt: #Infographic: In just 10 Days, can you learn #MachineLearning?
Via @ingliguori

#ArtificialIntelligence #AI #ML #DataScience #D‚Ä¶"
18,1276058041389953024,1540328771806367744,2022-06-24T13:39:31.000Z,en,"RT @KirkDBorne: Simple Yet Practical #DataCleaning #Python Code Snippets to fix common scenarios of messy data: https://t.co/d982YmvjUb
‚Äî‚Äî‚Äî‚Ä¶"
19,1417264099516370944,1540328711102369793,2022-06-24T13:39:17.000Z,es,"RT @dansar39: Incre√≠bles #recursos para #aprender #DSA .
 #Python #Nodejs #MachineLearning #100daysofmlcode #HTML5 #RStats #Serverless #AI‚Ä¶"
20,190097582,1540328685802504192,2022-06-24T13:39:11.000Z,en,"RT @BeingOvee: #Infographic: Top in demand #TechSkills
Via @ingliguori 
#ArtificialIntelligence #AI #ML #MachineLearning #DataScientists #C‚Ä¶"
21,1260015280048222208,1540328684485320706,2022-06-24T13:39:10.000Z,en,"RT @KirkDBorne: How to run #Python in R using the reticulate R package: https://t.co/UbwKQR6SuJ by @Rbloggers 
‚Äî‚Äî‚Äî‚Äî
#Coding #Rstats #DataSc‚Ä¶"
22,1348558873636921349,1540328645486673921,2022-06-24T13:39:01.000Z,en,"RT @GreenLeafg7942: Best SMM services provider in USA 
https://t.co/luafOFgyqT
#MachineLearning #python #IoT #100DaysOfCode #programming #C‚Ä¶"
23,3197518417,1540328641535541249,2022-06-24T13:39:00.000Z,en,RT @gp_pulipaka: Neural Network Projects with Python. #BigData #Analytics #DataScience #AI #MachineLearning #IoT #IIoT #Python #RStats #Ten‚Ä¶
24,1403861754808049666,1540328639409147906,2022-06-24T13:39:00.000Z,en,"RT @Khulood_Almani: As #5G Rolls Out‚û°Ô∏èWe Need To Be Vigilant About #Security

via @Forbes 

https://t.co/RSvxTvAmkS

#cybersecurity #future‚Ä¶"
25,1511932634393640964,1540328622338506753,2022-06-24T13:38:56.000Z,en,"Best SMM services provider in USA 
https://t.co/luafOFgyqT
#MachineLearning #python #IoT #100DaysOfCode #programming #CodeNewbie #reactjs #bugbounty #DataScience #gamedev #BigData #Analytics #NeuralNetworks #Cloud #OpenSource #AI #DEVCommunity https://t.co/rbZPLvQkzG"
26,1403861754808049666,1540328620203327489,2022-06-24T13:38:55.000Z,en,"RT @Khulood_Almani: üëåüí∫Bring your own #seat wherever you goüòâ

#TechForGood #innovation #Marketing #coding #100DaysOfCode #Nodejs #Bot #DataS‚Ä¶"
27,1280935835789975553,1540328591417810944,2022-06-24T13:38:48.000Z,en,"RT @IainLJBrown: Augmenting Economics with Artificial Intelligence - Colby College

Read more here: https://t.co/qRg5gZILp7

#ArtificialInt‚Ä¶"
28,1437728609909706753,1540328562804535297,2022-06-24T13:38:41.000Z,en,"RT @PinakiLaskar: Procrastination
#AI #IoT #IIoT #CX #MachineLearning #SelfDrivingCars #fashiontech #SmartCity #AutonomousVehicles #DataSci‚Ä¶"
29,411419084,1540328562242093061,2022-06-24T13:38:41.000Z,en,"RT @PinakiLaskar: Procrastination
#AI #IoT #IIoT #CX #MachineLearning #SelfDrivingCars #fashiontech #SmartCity #AutonomousVehicles #DataSci‚Ä¶"
30,1307355301549543435,1540328559679520768,2022-06-24T13:38:41.000Z,en,"RT @Khulood_Almani: üëåüí∫Bring your own #seat wherever you goüòâ

#TechForGood #innovation #Marketing #coding #100DaysOfCode #Nodejs #Bot #DataS‚Ä¶"
31,971620109197312000,1540328556772958213,2022-06-24T13:38:40.000Z,en,"RT @PinakiLaskar: Procrastination
#AI #IoT #IIoT #CX #MachineLearning #SelfDrivingCars #fashiontech #SmartCity #AutonomousVehicles #DataSci‚Ä¶"
32,1127829883013361665,1540328541769895938,2022-06-24T13:38:36.000Z,en,"RT @PinakiLaskar: Procrastination
#AI #IoT #IIoT #CX #MachineLearning #SelfDrivingCars #fashiontech #SmartCity #AutonomousVehicles #DataSci‚Ä¶"
33,1053697748321501184,1540328534102757376,2022-06-24T13:38:35.000Z,en,"Procrastination
#AI #IoT #IIoT #CX #MachineLearning #SelfDrivingCars #fashiontech #SmartCity #AutonomousVehicles #DataScience #BigData #Analytics #JavaScript #Serverless #Linux #RStats #Programming #Coding #NLP #Web3 #5G #Blockchain #Metaverse #100DaysofCode #Python #TensorFlow https://t.co/zR5JBJiMqJ"
34,1260015280048222208,1540328533460934656,2022-06-24T13:38:34.000Z,en,"RT @Benjami98790316: I'm legit to offer you A grade in your
‚úìnursing
‚úìessays
@Tutors_Val
chemistry
‚úìfinance.
‚úìphysics
‚úìbiology.
‚úìphysi
‚úìche‚Ä¶"
35,1276058041389953024,1540328520336941056,2022-06-24T13:38:31.000Z,en,"RT @KirkDBorne: How to run #Python in R using the reticulate R package: https://t.co/UbwKQR6SuJ by @Rbloggers 
‚Äî‚Äî‚Äî‚Äî
#Coding #Rstats #DataSc‚Ä¶"
36,1518571052867399680,1540328498849812481,2022-06-24T13:38:26.000Z,en,RT @CrownedHead06: How to handle exception in ¬©pp ...#Python #CPP #Cpp22 #100DaysOfCode #Java #AI #Machine #Code_Synechise #MachineLearning‚Ä¶
37,190097582,1540328494089248771,2022-06-24T13:38:25.000Z,en,"RT @JobPreference: NEED a #JOB?
Sign up now https://t.co/o7lVlsCHXv
FREE. NO MIDDLEMAN
#ArtificialIntelligence #MachineLearning #Python #Da‚Ä¶"
38,1518571052867399680,1540328483167285248,2022-06-24T13:38:22.000Z,en,RT @CrownedHead06: Python libraries for various applications ... #Python #100DaysOfCode #Java #AI #Machine #Code_Synechise #MachineLearning‚Ä¶
39,812555214024740865,1540328476259094528,2022-06-24T13:38:21.000Z,en,"RT @CodingPseudo: Apache Beam | A Hands-On course to build Big data Pipelines

https://t.co/vqu48UNx2H

#BigData #Apache #BEAMS #api #devel‚Ä¶"
40,1127829883013361665,1540328374064881664,2022-06-24T13:37:56.000Z,en,"RT @Benjami98790316: I'm legit to offer you A grade in your
‚úìnursing
‚úìessays
@Tutors_Val
chemistry
‚úìfinance.
‚úìphysics
‚úìbiology.
‚úìphysi
‚úìche‚Ä¶"
41,1280935835789975553,1540328338203578369,2022-06-24T13:37:48.000Z,en,"RT @JobPreference: #Hiring?
Sign up now https://t.co/o7lVlsl75X
FREE. NO MIDDLEMAN
#ArtificialIntelligence #MachineLearning #Python #DataSc‚Ä¶"
42,1280935835789975553,1540328334546051072,2022-06-24T13:37:47.000Z,en,"RT @JamesSm51300698: Flash Sale..!! Verified PayPal Accounts For Sale!!!
https://t.co/jVGGu60gqQ
üá∫üá∏üá∫üá∏üá∫üá∏
#MachineLearning  #DataScience #5G‚Ä¶"
43,1486710693680205835,1540328319136288772,2022-06-24T13:37:43.000Z,en,"RT @gokularumugam05: Day 24 of learning üêç 

Python loops: for loop with three new Dictionary methods: .keys(), .values() and .items()

#Pyt‚Ä¶"
44,1142012028627951616,1540328309254406144,2022-06-24T13:37:41.000Z,en,"I'm legit to offer you A grade in your
‚úìnursing
‚úìessays
@Tutors_Val
chemistry
‚úìfinance.
‚úìphysics
‚úìbiology.
‚úìphysi
‚úìchemistry
‚úìalgebra.
‚úìhomework..
‚úìessay pay.
Assignment due 
#100DaysOfCode
#WomenWhoCode..
#javascript
#Python....
Email qualityhomeworkhelp@gmail.com"
45,1260015280048222208,1540328231504601091,2022-06-24T13:37:22.000Z,en,"RT @Retsu_Kordah: Day 010.
Went over all what I learnt. Just to refresh my mind. 
#100DaysOfCode .#pythonprogramming #Python"
46,1348558873636921349,1540328185514135554,2022-06-24T13:37:11.000Z,en,"RT @GreenLeafg7942: Best App Development Services in USA
https://t.co/mrreNA7ukd
#MachineLearning #python #IoT #100DaysOfCode #programming‚Ä¶"
47,1511932634393640964,1540328161124429824,2022-06-24T13:37:06.000Z,en,"Best App Development Services in USA
https://t.co/mrreNA7ukd
#MachineLearning #python #IoT #100DaysOfCode #programming #CodeNewbie #reactjs #bugbounty #DataScience #gamedev #BigData #Analytics #NeuralNetworks #Cloud #OpenSource #AI #DEVCommunity https://t.co/ZYx9oaFGwG"
48,1371551211351121920,1540328124801482753,2022-06-24T13:36:57.000Z,en,"RT @gokularumugam05: Day 24 of learning üêç 

Python loops: for loop with three new Dictionary methods: .keys(), .values() and .items()

#Pyt‚Ä¶"
49,1127829883013361665,1540328122104664064,2022-06-24T13:36:56.000Z,en,"RT @StrahinjaZivko7: üí•Introduction to Neural Networksüß†

üß∑Cc:@gp_pulipaka #TensorFlow #DeepLearning #ComputerVision #Tech #MachineLearning‚Ä¶"
50,1354047563280707586,1540328102760329218,2022-06-24T13:36:52.000Z,en,"RT @StrahinjaZivko7: üí•Introduction to Neural Networksüß†

üß∑Cc:@gp_pulipaka #TensorFlow #DeepLearning #ComputerVision #Tech #MachineLearning‚Ä¶"
51,1011817655957893120,1540328101061595136,2022-06-24T13:36:51.000Z,en,"RT @themis277: Learn Data Science from DataCamp
Pay 59$ on an annual subscription 
Enroll from here: https://t.co/MOd54jQZ6B
Machine Learni‚Ä¶"
52,1280935835789975553,1540328080748716033,2022-06-24T13:36:47.000Z,en,"RT @StrahinjaZivko7: üí•Introduction to Neural Networksüß†

üß∑Cc:@gp_pulipaka #TensorFlow #DeepLearning #ComputerVision #Tech #MachineLearning‚Ä¶"
53,1260015280048222208,1540328080476176395,2022-06-24T13:36:46.000Z,en,"RT @BojanaVukov: üß†A team at @CarnegieMellon developed the first flexible, full-size, #3Dprint of a human heart ü´Ä

üß∑by:@seeker #ComputerVisi‚Ä¶"
54,1419853116711784480,1540328064726573058,2022-06-24T13:36:43.000Z,en,"RT @Retsu_Kordah: Day 010.
Went over all what I learnt. Just to refresh my mind. 
#100DaysOfCode .#pythonprogramming #Python"
55,1127829883013361665,1540328037945950211,2022-06-24T13:36:36.000Z,en,"RT @jethalal_1: Day 27 of #100DaysOfCode 

Building Snake Game üêç 
50 % done üöß
 Final version coming üîú 
#Python https://t.co/2A6KKQg0OM"
56,1419853116711784480,1540328026612944896,2022-06-24T13:36:34.000Z,en,"RT @jethalal_1: Day 27 of #100DaysOfCode 

Building Snake Game üêç 
50 % done üöß
 Final version coming üîú 
#Python https://t.co/2A6KKQg0OM"
57,1319294485088464896,1540328002122403840,2022-06-24T13:36:28.000Z,en,"RT @CodingPseudo: Apache Beam | A Hands-On course to build Big data Pipelines

https://t.co/vqu48UNx2H

#BigData #Apache #BEAMS #api #devel‚Ä¶"
58,1314164146934513665,1540328000335527936,2022-06-24T13:36:27.000Z,en,"RT @themis277: üî•üî•Free #DataScience Course for complete beginners üî•üî•
https://t.co/nv5yQQ7I6k
#research #DataScience #MachineLearning #data #‚Ä¶"
59,4050791903,1540327980274257921,2022-06-24T13:36:23.000Z,en,"RT @rohanpaul_ai: 280+ #MachineLearning Projects Solved &amp; Explained #Python
https://t.co/MLBQu2OH64

#IoT #100DaysOfCode #programming #Code‚Ä¶"
60,1467981234437513220,1540327961634766849,2022-06-24T13:36:18.000Z,en,"RT @aicanedo: #Linux networking tools
#Python #Nodejs #MachineLearning #100daysofmlcode #HTML5 #RStats #Serverless #AI #Flutter #Java #Deve‚Ä¶"
61,1419853116711784480,1540327952604430341,2022-06-24T13:36:16.000Z,en,"RT @motobeans: Don't Deploy your code on #Friday üñ•Ô∏èü§£

#100DaysOfCode #flutter #twitme #nodejs #DataScience #java #womenintech #javascript #‚Ä¶"
62,1268500317500391426,1540327949844582400,2022-06-24T13:36:15.000Z,en,"RT @Khulood_Almani: As #5G Rolls Out‚û°Ô∏èWe Need To Be Vigilant About #Security

via @Forbes 

https://t.co/RSvxTvAmkS

#cybersecurity #future‚Ä¶"
63,1260015280048222208,1540327929481203712,2022-06-24T13:36:10.000Z,en,"RT @AcademicsAplus: For quality assignment help
DM us
Essays
Exams
Homework
Biology
Chemistry
English
#FALLSEMESTER 
Ecology
Anatomy
#Machi‚Ä¶"
64,190097582,1540327919645773824,2022-06-24T13:36:08.000Z,en,"RT @BojanaVukov: üß†A team at @CarnegieMellon developed the first flexible, full-size, #3Dprint of a human heart ü´Ä

üß∑by:@seeker #ComputerVisi‚Ä¶"
65,4050791903,1540327854457720833,2022-06-24T13:35:53.000Z,en,"RT @rohanpaul_ai: Imputation Using #NumPy and #Pandas

#Python #pythonlearning #DataAnalytics #Python3 #databases #MachineLearning #DataSci‚Ä¶"
66,1280935835789975553,1540327825835790336,2022-06-24T13:35:46.000Z,en,"RT @CommercialeSeme: Top 10 most popular AI trends of the 2022 year

#artificialintelligence #k√ºnstlicheIntelligenz
¬†#100DaysOfCode #CyberS‚Ä¶"
67,1419853116711784480,1540327820542545921,2022-06-24T13:35:44.000Z,en,"RT @HarunMbaabu: Looking forward to meeting you all amazing data nerds and python enthusiast at #DSEAfricaMeetUp at @moringaschool 

Please‚Ä¶"
68,1051649960,1540327808332955649,2022-06-24T13:35:42.000Z,en,"RT @MichaelHoumann: #100DaysOfCode day 44: Woke up to some #Python, still a long way to go, but better than last time I tried. After lunch,‚Ä¶"
69,1051649960,1540327808328777733,2022-06-24T13:35:42.000Z,en,"RT @ipfconline1: How To Start Learning #Python For Free?

https://t.co/jQh5dp8aVL @theclickreader

#Coding #DataScience #AI #MachineLearnin‚Ä¶"
70,1051649960,1540327808324587520,2022-06-24T13:35:42.000Z,en,"RT @gokularumugam05: Day 24 of learning üêç 

Python loops: for loop with three new Dictionary methods: .keys(), .values() and .items()

#Pyt‚Ä¶"
71,1051649960,1540327808324583424,2022-06-24T13:35:42.000Z,en,"RT @GreenLeafg7942: Top 10 digital marketing Strategies
https://t.co/OhYdsZADFn
#Data #DataScience #BigData #Flutter #100DaysOfCode #coding‚Ä¶"
72,1051649960,1540327808320380928,2022-06-24T13:35:42.000Z,en,"RT @KirkDBorne: How to run #Python in R using the reticulate R package: https://t.co/UbwKQR6SuJ by @Rbloggers 
‚Äî‚Äî‚Äî‚Äî
#Coding #Rstats #DataSc‚Ä¶"
73,1051649960,1540327808320274432,2022-06-24T13:35:42.000Z,en,"RT @themis277: Learn Data Science from DataCamp
Pay 59$ on an annual subscription 
Enroll from here: https://t.co/MOd54jQZ6B
Watch the revi‚Ä¶"
74,1051649960,1540327808307798020,2022-06-24T13:35:42.000Z,qme,RT @42Sz40: #Python #NodeJS #javascripttflx  #Cybersecurity #SEO  #medeepakjain #learnwithdeepak #javascript  #macOS #100DaysOfCode @PhishF‚Ä¶
75,1051649960,1540327808290914304,2022-06-24T13:35:42.000Z,en,"RT @AcademicsAplus: For quality assignment help
DM us
Essays
Exams
Homework
Biology
Chemistry
English
#FALLSEMESTER 
Ecology
Anatomy
#Machi‚Ä¶"
76,1276058041389953024,1540327764456341507,2022-06-24T13:35:31.000Z,en,"RT @AcademicsAplus: For quality assignment help
DM us
Essays
Exams
Homework
Biology
Chemistry
English
#FALLSEMESTER 
Ecology
Anatomy
#Machi‚Ä¶"
77,1409076550675357699,1540327703265648643,2022-06-24T13:35:17.000Z,en,"RT @take_games_info: Day 17 Completed - #100DaysOfCode Challenge. The Complete Python Pro Bootcamp for 2022.

- initialise class / set cons‚Ä¶"
78,1199332435701485569,1540327703005597696,2022-06-24T13:35:16.000Z,qme,#Python #NodeJS #javascripttflx  #Cybersecurity #SEO  #medeepakjain #learnwithdeepak #javascript  #macOS #100DaysOfCode @PhishFindR #WordPress #webdev https://t.co/pz5kSmZGdw
79,1127829883013361665,1540327702128910336,2022-06-24T13:35:16.000Z,en,"RT @take_games_info: Day 17 Completed - #100DaysOfCode Challenge. The Complete Python Pro Bootcamp for 2022.

- initialise class / set cons‚Ä¶"
80,310897418,1540327696479272961,2022-06-24T13:35:15.000Z,tl,"RT @omayootk: https://t.co/aP49FcwT3P
#javascript #GirlsWhoCode #messi Covid-19 #NFTs  #Python #java #100daysofcode #Nodejs #vasha #MUFC #M‚Ä¶"
81,1419853116711784480,1540327684496031746,2022-06-24T13:35:12.000Z,en,"RT @take_games_info: Day 17 Completed - #100DaysOfCode Challenge. The Complete Python Pro Bootcamp for 2022.

- initialise class / set cons‚Ä¶"
82,1419853116711784480,1540327669677572096,2022-06-24T13:35:09.000Z,en,RT @Afzaacodes: Day 19/100 #100DaysOfCode nothing much to report here today other than I'm about 52% of the way through of the Code Academy‚Ä¶
83,310897418,1540327666309529600,2022-06-24T13:35:08.000Z,tl,"RT @omayootk: https://t.co/aP49FcwT3P
#javascript #GirlsWhoCode #messi Covid-19 #NFTs  #Python #java #100daysofcode #Nodejs #vasha #MUFC #M‚Ä¶"
84,1307355301549543435,1540327638765432832,2022-06-24T13:35:01.000Z,en,"RT @Mobile_Morgue: Ô£ø Public Service Bulletin
#100DaysOfCode #mentalhealth 
#Python #IoT #ETH #PyTorch #Ad #JavaScript #ReactJS #WordPress #‚Ä¶"
85,1419853116711784480,1540327635204673538,2022-06-24T13:35:00.000Z,en,"RT @_Ojinni: Pause that video and try the code‚Ä¶  
Don‚Äôt assume you already know it 

#python #100DaysOfCode"
86,1260015280048222208,1540327627491254274,2022-06-24T13:34:58.000Z,tl,"RT @omayootk: https://t.co/aP49FcwT3P
#javascript #GirlsWhoCode #messi Covid-19 #NFTs  #Python #java #100daysofcode #Nodejs #vasha #MUFC #M‚Ä¶"
87,1371551211351121920,1540327620440637443,2022-06-24T13:34:57.000Z,en,"RT @Muhamma63227121: Well folks, Thank you for ALL the support you've shown me! Amazing! Btw, can get this 56 to 60 by the end of today?

#‚Ä¶"
88,4069180535,1540327619027255296,2022-06-24T13:34:56.000Z,en,"RT @themis277: Learn Data Science from DataCamp
Pay 59$ on an annual subscription 
Enroll from here: https://t.co/MOd54jQZ6B
Watch the revi‚Ä¶"
89,1437728609909706753,1540327605043220481,2022-06-24T13:34:53.000Z,en,"RT @GreenLeafg7942: Top 10 digital marketing Strategies
https://t.co/OhYdsZADFn
#Data #DataScience #BigData #Flutter #100DaysOfCode #coding‚Ä¶"
90,4069180535,1540327601750818817,2022-06-24T13:34:52.000Z,en,"RT @Muhamma63227121: Well folks, Thank you for ALL the support you've shown me! Amazing! Btw, can get this 56 to 60 by the end of today?

#‚Ä¶"
91,1419853116711784480,1540327595652382721,2022-06-24T13:34:51.000Z,en,"RT @gokularumugam05: Day 24 of learning üêç 

Python loops: for loop with three new Dictionary methods: .keys(), .values() and .items()

#Pyt‚Ä¶"
92,1511932634393640964,1540327577185038337,2022-06-24T13:34:46.000Z,en,"Top 10 digital marketing Strategies
https://t.co/OhYdsZADFn
#Data #DataScience #BigData #Flutter #100DaysOfCode #coding #python #VR #AI #finserv #marketing #Digital #MWC22 #ReactJS #javascript #SmartNews #smart #smarthome #sellingcontent https://t.co/9LHJPbbds4"
93,1092753985679835136,1540327572810113027,2022-06-24T13:34:45.000Z,en,"RT @KirkDBorne: How to run #Python in R using the reticulate R package: https://t.co/UbwKQR6SuJ by @Rbloggers 
‚Äî‚Äî‚Äî‚Äî
#Coding #Rstats #DataSc‚Ä¶"
94,1280935835789975553,1540327571430297600,2022-06-24T13:34:45.000Z,en,"RT @BojanaVukov: ü§òFrom sign language-&gt;Englishüè¥Û†ÅßÛ†Å¢Û†Å•Û†ÅÆÛ†ÅßÛ†Åø

üß∑Cc:@TerenceLeungSF #ComputerVision #MachineLearning #AI #Python #IoT #IIoT #TensorFl‚Ä¶"
95,1331320133654962176,1540327568951353344,2022-06-24T13:34:44.000Z,tl,"RT @omayootk: https://t.co/aP49FcwT3P
#javascript #GirlsWhoCode #messi Covid-19 #NFTs  #Python #java #100daysofcode #Nodejs #vasha #MUFC #M‚Ä¶"
96,1331320133654962176,1540327568909418502,2022-06-24T13:34:44.000Z,tl,"RT @omayootk: https://t.co/aP49FcwT3P
#javascript #GirlsWhoCode #messi Covid-19 #NFTs  #Python #java #100daysofcode #Nodejs #vasha #MUFC #M‚Ä¶"
97,1331320133654962176,1540327568905322496,2022-06-24T13:34:44.000Z,tl,"RT @omayootk: https://t.co/aP49FcwT3P
#javascript #GirlsWhoCode #messi Covid-19 #NFTs  #Python #java #100daysofcode #Nodejs #vasha #MUFC #M‚Ä¶"
98,1331320133654962176,1540327568905224194,2022-06-24T13:34:44.000Z,en,"RT @MichaelHoumann: #100DaysOfCode day 44: Woke up to some #Python, still a long way to go, but better than last time I tried. After lunch,‚Ä¶"
99,1331320133654962176,1540327568901029888,2022-06-24T13:34:44.000Z,en,RT @vishalminz2: #100DaysOfCode Day 3: Python- control flow and logical operation.
